INSERT INTO companies VALUES
(422,'Serum','Pune',5500000),
(212,'BharatBiotech','Hyderabad',1200000),
(446,'Pfizer','Mumbai',100000),
(525,'Moderna','Pune',150000),
(671,'Barda','Surat',40000),
(121,'Gamelya','Delhi',50000),
(389,'Johnson','Chennai',100000),
(567,'Sinovac','Kolkata',50000),
(761,'Sinopharm','Delhi',60000),
(812,'Virology','Hyderabad',78000),
(634,'CasinoBiologics','Pune',30000),
(901,'Sinopham','Hyderabad',67000),
(666,'Codagenisc','Pune',10000),
(444,'Novax','Pune',120000),
(333,'ZydusCadila','Hyderabad',89000),
(721,'GSK','Delhi',20000),
(555,'Valneva','Mumbai',50000),
(999,'Curevac','Mumbai',8500);
INSERT INTO vaccine VALUES
(1,422,'Covidshield',78,84),
(2,212,'Covaxin',65,28),
(3,446,'Pfizer',90,28),
(4,525,'Moderna',85,28),
(5,671,'Vaxzervia',70,56),
(6,121,'Sputnikv',96,56),
(7,389,'Johnson',88,15),
(8,567,'Sarc',70,28),
(9,761,'BBIBP',75,15),
(10,812,'Epivac',83,56),
(11,634,'Pakvac',77,56),
(12,901,'Wibpab',67,28),
(13,666,'Sputniklight',90,15),
(14,444,'Novax',92,84),
(15,333,'Zydus',87,84),
(16,721,'Gsklight',76,56),
(17,555,'Abdala',81,15),
(18,999,'Ub',78,15);
INSERT INTO center VALUES
(11,'Acharya Hospital','Delhi',1000,1),
(22,'Sudershan Park','Mumbai',500,1),
(33,'Shivaji College','Delhi',700,2),
(44,'Tagore Garden','Banglore',200,1),
(55,'Gov. Dispensary','Hyderabad',900,4),
(66,'Mulund School','Chennai',400,3),
(77,'Axis Hospital','Kolkata',800,16),
(88,'Bhatia Hospital','Bhopal',1000,5),
(99,'Reddy Care','Hyderabad',700,6),
(12,'Batra Clinic','Delhi',2000,2),
(13,'Jyoti Hospital','Banglore',450,7),
(14,'JMD Hospital','Chennai',2000,8),
(15,'Town Hall','Bhopal',600,1),
(16,'Bingo Complex','Kolkata',900,9),
(17,'Bhagat Park','Mumbai',400,10),
(18,'Zero Pharmacy','Delhi',1500,3),
(19,'MD Care','Hyderabad',1000,11),
(20,'Nizam Chowk','Hyderabad',300,12),
(21,'Super Dispensary','Delhi',900,12),
(30,'Birla Healthcare','Bhopal',400,13),
(23,'CJ Healthplus','Banglore',200,14),
(24,'Ashok Pharmacy','Mumbai',1900,15),
(25,'Central Museum','Delhi',1600,1),
(26,'Govt. HS School','Delhi',1000,17),
(27,'Koyo Clinic','Chennai',1300,18),
(28,'BM Rao College','Mumbai',900,3),
(29,'DB Mall','Banglore',800,15);


INSERT INTO vaccinator VALUES
(1,'Keshav'),
(2,'Amit'),
(3,'Aman'),
(4,'Kedar'),
(5,'Vaibhav'),
(6,'Sailja'),
(7,'Vikrant'),
(8,'Gopal'),
(9,'Sumita'),
(10,'Ram'),
(11,'Karunanidhi'),
(12,'Mohit'),
(13,'Gulati'),
(14,'Vinod'),
(15,'Rahul'),
(16,'Vrinda'),
(17,'Nidhi'),
(18,'Kamlesh'),
(19,'Iti'),
(20,'Prabhakar'),
(21,'Sunitha'),
(22,'Vaishnavi'),
(23,'Kalpana'),
(24,'Jayanta'),
(25,'Rachna'),
(26,'Priyanshu'),
(28,'Monika'),
(29,'Neelima'),
(30,'Rakesh'),
(31,'Manoj'),
(32,'Megha'),
(33,'Mani'),
(34,'Sudhir'),
(35,'Sheetal'),
(36,'Gaytri'),
(37,'Bhavya'),
(38,'Ujjwal'),
(39,'Mohan'),
(40,'Kriti');


INSERT INTO person VALUES
(111,'Rahul','Roshan',47,'Delhi',7701896575),
(222,'Abhinav','Modi',18,'Delhi',8976423190),
(333,'Amit','Agarwal',20,'Mumbai',9425022770),
(444,'Shashank','Agarwal',49,'Banglore',9876995421),
(555,'Sachin','Chouhan',19,'Hyderabad',7587409845),
(666,'Ujjwal','Rana',50,'Chennai',7601898576),
(777,'Mohit','Lamba',21,'Kolkata',8976432198),
(888,'Anuj','Mishra',20,'Bhopal',8567453215),
(999,'Ankit','Sharma',21,'Mumbai',9425077880),
(121,'Utsav','Agrawal',21,'Delhi',8965421398),
(131,'Hardik','Agarwal',20,'Banglore',7587342189),
(141,'Mohit','Mehra',37,'Hyderabad',7589765423),
(151,'Vikas','Joshi',74,'Chennai',6787896521),
(161,'Pawan','Upadhaya',56,'Kolkata',8976543212),
(171,'Menka','Roshan',38,'Bhopal',7425022773),
(181,'Sumita','Dhawan',65,'Delhi',7654321889),
(191,'Madan','Vohra',45,'Delhi',8578982134),
(200,'Nitin','Gupta',55,'Hyderabad',770187654),
(201,'Saloni','Saini',17,'Bhopal',8976541298),
(202,'Sanskar','Singh',16,'Banglore',6789563212),
(203,'Abhijeet','Raina',65,'Mumbai',770187654),
(204,'Rana','Ayub',40,'Mumbai',6787543213),
(205,'Surekha','Sharama',34,'Delhi',9876786543),
(206,'Disha','Goel',70,'Banglore',7701898564),
(208,'Urvi','Goel',69,'Chennai',8767984321),
(209,'Kriti','Yadav',23,'Delhi',8765785432),
(210,'Raghu','Nath',47,'Hyderabad',7701897654),
(211,'Sumit','Shetty',28,'Mumbai',8701897654);


INSERT INTO works VALUES
(11,1),(11,31),(11,32),
(22,8),(22,33),
(33,3),
(44,4),
(55,5),(55,40),
(66,6),
(77,7),
(88,2),(88,34),
(99,9),
(12,10),
(13,11),
(14,12),(14,30),
(15,13),(15,37),
(16,14),(16,36),
(17,15),(17,38),
(18,16),(18,17),(18,39),
(19,18),
(20,19),
(21,20),(21,35),
(22,21),
(23,22),
(24,23),
(25,24),
(26,25),
(27,26),
(28,28),
(29,29);


INSERT INTO book_slot(centerid,pid,id,sdate) VALUES
(11,111,31,'2021-04-03'),
(11,111,1,'2021-08-03'),
(22,333,8,'2021-01-02'),
(22,333,33,'2021-06-14'),
(22,999,8,'2021-05-12'),
(33,222,3,'2021-05-11'),
(44,444,4,'2021-02-21'),
(55,555,5,'2021-01-30'),
(55,555,40,'2021-06-16'),
(66,666,6,'2021-02-17'),
(77,777,7,'2021-04-12'),
(88,888,2,'2021-06-12'),
(88,888,34,'2021-12-10'),
(99,141,9,'2021-07-03'),
(12,121,10,'2021-01-05'),
(13,131,11,'2021-04-25'),
(14,151,12,'2021-02-20'),
(14,151,30,'2021-07-13'),
(15,171,37,'2021-03-14'),
(15,171,13,'2021-08-02'),
(16,161,36,'2021-07-22'),
(17,203,15,'2021-05-26'),
(18,181,16,'2021-07-21'),
(18,181,39,'2021-12-10'),
(19,200,18,'2021-03-10'),
(20,210,19,'2021-05-12'),
(21,209,35,'2021-06-17'),
(21,209,20,'2021-10-22'),
(22,201,21,'2021-08-02'),
(23,206,22,'2021-01-21'),
(24,211,23,'2021-02-22'),
(25,205,24,'2021-03-23'),
(26,191,25,'2021-04-24'),
(27,208,26,'2021-05-25'),
(28,204,28,'2021-06-26'),
(29,202,29,'2021-07-27');
